Date;COD_3 ;SS_3;NO2_3
11.01.2022;13,71900826;1,900826446;0,044628099
15.02.2022;23,96694215;8,67768595;0,049917355
10.03.2022;19,00826446;2,479338843;0,079669421
05.04.2022;21,48760331;41,32231405;0,074380165
11.05.2022;26,44628099;3,305785124;0,016528926
01.06.2022;24,79338843;4,545454545;0,20661157
17.06.2022;34,7107438;2,479338843;
19.06.2022;12,39669421;23,14049587;
21.06.2022;30,5785124;2,066115702;
24.06.2022;25,61983471;9,917355372;
28.06.2022;33,05785124;1,239669421;
01.07.2022;19,83471074;3,719008264;
03.07.2022;42,14876033;2,479338843;
05.07.2022;39,25619835;4,132231405;0,037190083
10.07.2022;29,75206612;4,132231405;
12.07.2022;29,75206612;3,305785124;
16.07.2022;37,19008264;3,305785124;
17.07.2022;21,48760331;4,132231405;
22.07.2022;34,7107438;2,892561983;
24.07.2022;26,44628099;6,611570248;
26.07.2022;31,40495868;4,132231405;
29.07.2022;26,44628099;4,958677686;
31.07.2022;33,05785124;3,140495868;
02.08.2022;23,47107438;4,132231405;0,016528926
05.08.2022;30,42975207;11,57024793;
07.08.2022;29,33884298;1,239669421;
09.08.2022;29,75206612;10,33057851;
12.08.2022;45,45454545;4,132231405;
14.08.2022;28,92561983;1,652892562;
16.08.2022;35,53719008;4,545454545;
17.08.2022;38,42975207;;
17.08.2022;21,48760331;;
18.08.2022;41,32231405;;
18.08.2022;24,79338843;;
19.08.2022;46,28099174;;
19.08.2022;41,32231405;23,14049587;
20.08.2022;32,23140496;;
20.08.2022;38,01652893;;
21.08.2022;42,97520661;;
21.08.2022;46,52892562;4,958677686;
22.08.2022;36,36363636;;
23.08.2022;42,56198347;4,132231405;
26.08.2022;39,66942149;6,198347107;
28.08.2022;34,7107438;12,39669421;
30.08.2022;31,57024793;3,305785124;
02.09.2022;43,80165289;4,958677686;
03.09.2022;;;
04.09.2022;45,45454545;2,479338843;
06.09.2022;24,79338843;4,132231405;0,024793388
09.09.2022;32,23140496;2,066115702;
11.09.2022;19,00826446;4,132231405;
13.09.2022;27,27272727;3,305785124;
16.09.2022;33,88429752;2,066115702;
18.09.2022;23,96694215;9,917355372;
20.09.2022;33,88429752;4,958677686;
25.09.2022;37,19008264;5,785123967;
27.09.2022;38,84297521;6,198347107;
30.09.2022;36,36363636;4,132231405;
02.10.2022;44,62809917;2,479338843;
04.10.2022;25,61983471;6,611570248;0,016528926
07.10.2022;23,14049587;1,652892562;
08.10.2022;;;
09.10.2022;26,44628099;1,652892562;
11.10.2022;30,5785124;2,479338843;
14.10.2022;20,66115702;2,479338843;
16.10.2022;31,40495868;4,132231405;
23.10.2022;14,87603306;4,132231405;
25.10.2022;20,66115702;4,958677686;
28.10.2022;30,5785124;2,479338843;
30.10.2022;31,40495868;1,652892562;
31.10.2022;19,83471074;;
01.11.2022;31,40495868;4,958677686;
06.11.2022;15,12396694;2,892561983;
08.11.2022;23,96694215;2,066115702;0,085950413
11.11.2022;27,43801653;7,024793388;
13.11.2022;22,31404959;9,917355372;
15.11.2022;17,3553719;8,67768595;
18.11.2022;22,6446281;4,132231405;
20.11.2022;28,01652893;3,305785124;
22.11.2022;21,73553719;3,305785124;
25.11.2022;30,99173554;1,652892562;
27.11.2022;32,39669421;2,479338843;
29.11.2022;27,27272727;2,066115702;
02.12.2022;33,05785124;4,958677686;
04.12.2022;32,23140496;1,652892562;
06.12.2022;16,52892562;1,652892562;0,085950413
09.12.2022;22,31404959;3,719008264;
11.12.2022;21,40495868;2,066115702;
13.12.2022;23,96694215;1,652892562;
16.12.2022;25,61983471;1,239669421;
18.12.2022;19,83471074;4,132231405;
20.12.2022;24,79338843;4,132231405;
23.12.2022;21,48760331;3,305785124;
25.12.2022;21,48760331;2,479338843;
27.12.2022;40,66115702;5,785123967;
30.12.2022;32,23140496;6,198347107;
01.01.2023;48,34710744;17,3553719;
03.01.2023;38,84297521;4,545454545;
08.01.2023;25,61983471;2,479338843;
10.01.2023;24,79338843;3,719008264;0,059173554
13.01.2023;31,57024793;4,132231405;
15.01.2023;42,23140496;0,826446281;
17.01.2023;31,40495868;4,958677686;
19.01.2023;32,56198347;3,966942149;0,203305785
22.01.2023;23,71900826;0,826446281;
24.01.2023;39,66942149;5,371900826;
29.01.2023;23,14049587;2,066115702;
31.01.2023;19,00826446;1,983471074;
03.02.2023;26,44628099;0,826446281;0,02553719
05.02.2023;15,70247934;2,066115702;
07.02.2023;23,14049587;0,826446281;
10.02.2023;15,45454545;1,652892562;
12.02.2023;28,09917355;2,479338843;
14.02.2023;28,09917355;2,066115702;
17.02.2023;22,80991736;1,652892562;
19.02.2023;16,11570248;0,826446281;
21.02.2023;17,02479339;0,826446281;
24.02.2023;24,79338843;1,652892562;
26.02.2023;31,81818182;5,371900826;
27.02.2023;26,02479339;3,305785124;0,006942149
28.02.2023;;0,826446281;
03.03.2023;21,91735537;2,479338843;
05.03.2023;22,56198347;1,652892562;
12.03.2023;21,23966942;4,958677686;
14.03.2023;24,79338843;5,20661157;0,151239669
15.03.2023;23,96694215;;
16.03.2023;28,09917355;;
18.03.2023;30,16528926;13,2231405;
19.03.2023;29,75206612;5,950413223;
24.03.2023;19,00826446;5,785123967;
26.03.2023;20,33057851;4,958677686;
28.03.2023;16,94214876;5,785123967;
31.03.2023;27,27272727;7,438016529;
02.04.2023;14,1322314;20,66115702;
04.04.2023;20,66115702;6,611570248;
07.04.2023;8,26446281;4,132231405;
09.04.2023;10,74380165;2,479338843;
11.04.2023;33,88429752;4,132231405;0,454545455
14.04.2023;31,40495868;3,719008264;
16.04.2023;26,44628099;2,066115702;
18.04.2023;17,3553719;3,305785124;
23.04.2023;18,18181818;4,958677686;
25.04.2023;19,00826446;4,958677686;
30.04.2023;;2,479338843;
05.05.2023;21,48760331;2,479338843;
07.05.2023;23,96694215;3,305785124;
09.05.2023;27,76859504;6,198347107;
10.05.2023;30,5785124;2,892561983;0,016528926
14.05.2023;28,09917355;0,991735537;
16.05.2023;14,87603306;1,652892562;
19.05.2023;29,75206612;1,239669421;
21.05.2023;28,09917355;2,479338843;
23.05.2023;26,44628099;0,826446281;
26.05.2023;30,5785124;2,479338843;
28.05.2023;38,84297521;2,066115702;
30.05.2023;42,14876033;12,80991736;
30.05.2023;30,5785124;;
31.05.2023;32,23140496;;
01.06.2023;33,05785124;;
02.06.2023;10,08264463;5,785123967;
03.06.2023;14,46280992;4,132231405;
04.06.2023;19,75206612;9,504132231;
06.06.2023;15,70247934;3,305785124;0,032231405
09.06.2023;25,2892562;1,652892562;
11.06.2023;31,40495868;3,305785124;
13.06.2023;28,92561983;2,066115702;
13.06.2023;27,27272727;2,066115702;0,011157025
16.06.2023;29,75206612;2,066115702;
18.06.2023;19,66942149;1,652892562;
20.06.2023;28,92561983;6,198347107;
23.06.2023;18,51239669;2,479338843;
27.06.2023;25,61983471;2,479338843;
30.06.2023;30,5785124;2,892561983;
02.07.2023;32,23140496;0,826446281;
03.07.2023;24,79338843;;
04.07.2023;15,33057851;4,380165289;0,011983471
07.07.2023;29,75206612;2,479338843;
09.07.2023;19,83471074;0,826446281;
11.07.2023;23,80165289;0,826446281;
14.07.2023;47,76859504;2,892561983;
15.07.2023;15,20661157;;
16.07.2023;28,09917355;0,826446281;
17.07.2023;;;
18.07.2023;40,49586777;0,826446281;
21.07.2023;20,66115702;3,305785124;
23.07.2023;16,52892562;4,958677686;
25.07.2023;25,61983471;2,066115702;
26.07.2023;19,4214876;;
30.07.2023;20,66115702;2,892561983;
01.08.2023;29,17355372;1,652892562;
04.08.2023;16,03305785;8,26446281;
08.08.2023;27,43801653;7,438016529;0,016528926
11.08.2023;23,38842975;4,958677686;
13.08.2023;20,66115702;6,611570248;
15.08.2023;28,92561983;3,719008264;
20.08.2023;23,14049587;7,024793388;
26.08.2023;26,44628099;3,305785124;
27.08.2023;30,5785124;5,785123967;
02.09.2023;19,00826446;9,917355372;
07.09.2023;35,53719008;7,438016529;
11.09.2023;17,3553719;4,132231405;
13.09.2023;8,26446281;6,198347107;
15.09.2023;57,02479339;9,917355372;
19.09.2023;16,52892562;2,066115702;0,013223141
24.09.2023;19,83471074;3,305785124;
26.09.2023;45,45454545;1,652892562;
29.09.2023;30,5785124;1,652892562;
01.10.2023;24,79338843;1,652892562;
02.10.2023;23,14049587;13,2231405;0,016528926
06.10.2023;32,23140496;3,305785124;
09.10.2023;29,75206612;6,611570248;0,016528926
10.10.2023;34,7107438;11,15702479;
12.10.2023;31,40495868;;
13.10.2023;28,92561983;3,305785124;
15.10.2023;18,42975207;4,132231405;
17.10.2023;32,23140496;3,305785124;
20.10.2023;33,88429752;3,305785124;
22.10.2023;36,36363636;5,371900826;
27.10.2023;33,88429752;3,305785124;
29.10.2023;33,05785124;7,438016529;
03.11.2023;29,75206612;4,132231405;
05.11.2023;33,88429752;10,74380165;
07.11.2023;24,79338843;2,479338843;
10.11.2023;28,92561983;9,090909091;
12.11.2023;50,5785124;7,438016529;
14.11.2023;13,2231405;10,74380165;0,039669421
17.11.2023;19,25619835;5,371900826;
19.11.2023;19,83471074;4,132231405;
21.11.2023;26,94214876;4,132231405;
24.11.2023;56,19834711;29,75206612;
26.11.2023;16,52892562;4,545454545;
28.11.2023;36,36363636;3,305785124;
02.12.2023;;;
03.12.2023;20;4,132231405;
04.12.2023;;;
05.12.2023;29,75206612;1,652892562;0,080991736
08.12.2023;25,61983471;5,785123967;
09.12.2023;;;
10.12.2023;28,92561983;4,958677686;
12.12.2023;31,40495868;3,719008264;
17.12.2023;31,40495868;3,305785124;
19.12.2023;32,23140496;12,39669421;
22.12.2023;19,00826446;5,785123967;
24.12.2023;28,09917355;9,917355372;
26.12.2023;20,66115702;1,652892562;
29.12.2023;32,23140496;4,132231405;
31.12.2023;25,61983471;3,305785124;
02.01.2024;26,44628099;3,305785124;
05.01.2024;19,00826446;4,132231405;
07.01.2024;32,23140496;2,479338843;
09.01.2024;35,53719008;4,132231405;
12.01.2024;30,5785124;3,719008264;
14.01.2024;14,87603306;1,652892562;
16.01.2024;23,96694215;4,132231405;0,016528926
19.01.2024;29,75206612;4,958677686;
21.01.2024;43,80165289;1,652892562;
23.01.2024;34,7107438;3,305785124;
26.01.2024;31,40495868;5,20661157;
28.01.2024;38,01652893;12,39669421;
30.01.2024;55,37190083;7,438016529;
02.02.2024;15,70247934;1,239669421;
04.02.2024;28,09917355;4,132231405;
06.02.2024;28,09917355;3,305785124;0,016528926
09.02.2024;31,40495868;12,39669421;
11.02.2024;37,19008264;4,132231405;
13.02.2024;50,41322314;4,958677686;
16.02.2024;43,80165289;4,132231405;
18.02.2024;52,89256198;4,958677686;
20.02.2024;27,27272727;3,305785124;
23.02.2024;39,66942149;3,305785124;
25.02.2024;30,5785124;6,198347107;
27.02.2024;47,10743802;9,090909091;
01.03.2024;72,72727273;12,39669421;
03.03.2024;45,45454545;4,958677686;
05.03.2024;53,71900826;5,785123967;0,015206612
08.03.2024;29,75206612;6,198347107;
10.03.2024;38,84297521;6,198347107;
11.03.2024;39,66942149;;
13.03.2024;38,84297521;10,74380165;
15.03.2024;36,36363636;11,98347107;
17.03.2024;29,75206612;4,132231405;
20.03.2024;72,72727273;49,58677686;
22.03.2024;45,45454545;16,52892562;
24.03.2024;29,91735537;5,785123967;
26.03.2024;33,05785124;7,438016529;
29.03.2024;26,44628099;12,39669421;
31.03.2024;13,05785124;8,26446281;
02.04.2024;25,61983471;1,652892562;
03.04.2024;18,18181818;2,479338843;0,355371901
05.04.2024;57,02479339;28,92561983;
07.04.2024;34,7107438;12,39669421;
09.04.2024;35,53719008;9,917355372;
12.04.2024;31,40495868;7,438016529;
14.04.2024;43,80165289;11,57024793;
16.04.2024;53,71900826;7,438016529;
19.04.2024;33,88429752;4,958677686;
21.04.2024;31,48760331;4,132231405;
23.04.2024;37,19008264;14,87603306;
26.04.2024;57,02479339;28,92561983;
27.04.2024;61,98347107;33,05785124;
28.04.2024;80,16528926;57,85123967;
29.04.2024;47,9338843;13,2231405;
30.04.2024;45,45454545;13,2231405;
01.05.2024;30,5785124;5,785123967;
02.05.2024;19,00826446;6,611570248;
04.05.2024;33,88429752;4,958677686;
04.05.2024;35,53719008;6,611570248;
05.05.2024;40,49586777;5,371900826;
06.05.2024;37,19008264;6,611570248;
07.05.2024;48,76033058;4,132231405;0,049586777
08.05.2024;39,66942149;3,223140496;
09.05.2024;37,19008264;6,611570248;
10.05.2024;39,66942149;6,198347107;
12.05.2024;34,7107438;6,611570248;
13.05.2024;40,49586777;6,611570248;
14.05.2024;34,7107438;4,132231405;
16.05.2024;54,54545455;10,74380165;
17.05.2024;56,19834711;12,39669421;
19.05.2024;53,71900826;5,785123967;
20.05.2024;50,41322314;7,438016529;
21.05.2024;54,54545455;6,198347107;
24.05.2024;47,10743802;5,950413223;
25.05.2024;;;
26.05.2024;18,18181818;4,545454545;
28.05.2024;51,23966942;8,26446281;
31.05.2024;35,53719008;2,479338843;
02.06.2024;39,66942149;2,975206612;
04.06.2024;28,09917355;4,132231405;
07.06.2024;25,61983471;4,132231405;
09.06.2024;40,49586777;0,826446281;
11.06.2024;29,25619835;4,132231405;0,02231405
15.06.2024;31,40495868;1,652892562;
16.06.2024;33,05785124;2,066115702;
18.06.2024;41,32231405;1,652892562;
21.06.2024;32,23140496;3,719008264;
23.06.2024;34,7107438;3,305785124;
25.06.2024;39,66942149;10,74380165;
28.06.2024;42,97520661;9,090909091;
30.06.2024;20,66115702;1,652892562;
05.07.2024;25,61983471;2,066115702;
07.07.2024;32,23140496;3,305785124;
09.07.2024;38,01652893;1,652892562;0,045454545
12.07.2024;35,53719008;3,884297521;
14.07.2024;44,62809917;7,851239669;
16.07.2024;23,96694215;1,652892562;
19.07.2024;34,7107438;2,066115702;
21.07.2024;30,5785124;2,892561983;
23.07.2024;32,23140496;4,958677686;
26.07.2024;21,48760331;0,826446281;
27.07.2024;28,09917355;;
28.07.2024;29,75206612;0,826446281;
30.07.2024;15,53719008;1,652892562;
02.08.2024;32,23140496;7,438016529;
06.08.2024;18,18181818;18,18181818;0,045454545
09.08.2024;28,09917355;4,545454545;
11.08.2024;28,09917355;1,652892562;
13.08.2024;28,09917355;5,785123967;
16.08.2024;21,48760331;3,719008264;
18.08.2024;23,14049587;1,652892562;
20.08.2024;22,31404959;3,388429752;
23.08.2024;26,28099174;5,785123967;
25.08.2024;28,09917355;4,132231405;
27.08.2024;33,88429752;2,479338843;
30.08.2024;34,7107438;3,719008264;
01.09.2024;30,5785124;7,024793388;
03.09.2024;27,27272727;4,545454545;
06.09.2024;21,48760331;6,611570248;
08.09.2024;35,53719008;7,851239669;
10.09.2024;28,09917355;1,652892562;0,016528926
13.09.2024;38,84297521;3,305785124;
15.09.2024;;;
17.09.2024;31,40495868;5,785123967;
20.09.2024;24,79338843;3,305785124;
22.09.2024;30,5785124;3,305785124;
24.09.2024;21,48760331;10,74380165;
27.09.2024;26,7768595;3,305785124;
29.09.2024;34,7107438;15,70247934;
01.10.2024;30,5785124;3,719008264;
04.10.2024;42,97520661;1,652892562;
04.10.2024;38,84297521;4,132231405;
08.10.2024;19,83471074;3,305785124;0,019834711
11.10.2024;41,32231405;4,958677686;
13.10.2024;42,97520661;2,066115702;
18.10.2024;19,83471074;2,892561983;
20.10.2024;24,79338843;2,066115702;
22.10.2024;35,53719008;1,652892562;
25.10.2024;25,61983471;14,87603306;
27.10.2024;38,84297521;3,305785124;
29.10.2024;32,23140496;0,826446281;
01.11.2024;19,83471074;8,26446281;
03.11.2024;33,05785124;16,52892562;
06.11.2024;21,98347107;4,132231405;0,057024793
08.11.2024;27,27272727;2,892561983;
10.11.2024;16,11570248;8,67768595;
12.11.2024;19,00826446;4,132231405;
15.11.2024;19,83471074;3,305785124;
17.11.2024;21,48760331;0,826446281;
19.11.2024;19,83471074;2,892561983;
22.11.2024;28,92561983;5,785123967;
24.11.2024;28,09917355;0,826446281;
29.11.2024;19,83471074;3,719008264;
01.12.2024;29,75206612;3,305785124;
03.12.2024;31,40495868;2,561983471;0,070247934
06.12.2024;27,27272727;3,719008264;
08.12.2024;28,51239669;3,719008264;
10.12.2024;36,36363636;1,900826446;
15.12.2024;31,40495868;3,305785124;
17.12.2024;29,17355372;3,305785124;
19.12.2024;46,28099174;4,132231405;
20.12.2024;69,4214876;3,305785124;
22.12.2024;42,14876033;3,305785124;
24.12.2024;48,76033058;7,438016529;
28.12.2024;28,09917355;8,67768595;
29.12.2024;40,49586777;6,033057851;
31.12.2024;71,90082645;10,74380165;
03.01.2025;28,09917355;16,52892562;
05.01.2025;39,66942149;6,198347107;
07.01.2024;76,85950413;10,74380165;
08.01.2024;61,98347107;11,15702479;
10.01.2025;71,90082645;11,57024793;
12.01.2025;38,84297521;5,785123967;
14.01.2024;68,59504132;7,438016529;
17.01.2025;49,58677686;6,198347107;0,008264463
19.01.2025;44,62809917;5,785123967;
21.01.2025;31,40495868;9,090909091;0,487603306
24.01.2025;34,7107438;11,15702479;0,768595041
26.01.2025;27,27272727;4,958677686;0,859504132
28.01.2025;23,96694215;2,479338843;
31.01.2025;67,76859504;7,851239669;
02.02.2025;66,11570248;12,39669421;0,52892562
04.02.2025;60,33057851;9,917355372;
07.02.2025;64,46280992;19,83471074;
09.02.2025;44,62809917;6,611570248;
10.02.2025;37,19008264;4,545454545;1,082644628
14.02.2025;50,41322314;6,611570248;
16.02.2025;34,7107438;6,198347107;
18.02.2025;55,37190083;10,74380165;
21.02.2025;38,84297521;12,39669421;
23.02.2025;44,62809917;12,39669421;
25.02.2025;41,32231405;6,611570248;
28.02.2025;38,01652893;10,90909091;
02.03.2025;56,69421488;21,48760331;
04.03.2025;56,19834711;17,3553719;2,867768595
07.03.2025;87,60330579;41,32231405;
09.03.2025;80,99173554;33,05785124;
11.03.2025;53,71900826;29,75206612;
14.03.2025;76,03305785;41,32231405;
16.03.2025;67,76859504;33,05785124;
17.03.2025;64,46280992;;
19.03.2025;61,15702479;18,59504132;
21.03.2025;61,15702479;14,04958678;
23.03.2025;64,46280992;12,39669421;
25.03.2025;46,11570248;20,66115702;
28.03.2025;72,72727273;20,66115702;
29.03.2025;39,66942149;;
30.03.2025;50,41322314;13,2231405;
01.04.2025;45,45454545;14,04958678;0,272727273
04.04.2025;;16,52892562;
06.04.2025;55,37190083;10,33057851;
08.04.2025;56,19834711;11,57024793;
09.04.2025;47,10743802;8,26446281;
11.04.2025;43,80165289;11,57024793;
13.04.2025;40,49586777;5,785123967;
15.04.2025;52,0661157;12,39669421;
18.04.2025;47,10743802;11,57024793;
20.04.2025;59,09090909;17,3553719;
22.04.2025;57,02479339;14,46280992;
25.04.2025;58,67768595;14,04958678;
27.04.2025;60,33057851;12,39669421;
29.04.2025;68,59504132;18,18181818;
02.05.2025;48,76033058;10,33057851;
04.05.2025;37,19008264;12,39669421;
06.05.2025;60,33057851;12,39669421;2,446280992
09.05.2025;71,07438017;24,79338843;
11.05.2025;64,46280992;21,48760331;
13.05.2025;;;
16.05.2025;64,46280992;9,917355372;
18.05.2025;80,99173554;24,79338843;
20.05.2025;61,15702479;9,504132231;
23.05.2025;68,59504132;11,57024793;
25.05.2025;72,72727273;9,917355372;
27.05.2025;66,11570248;4,958677686;
30.05.2025;60,33057851;9,504132231;
01.06.2025;55,37190083;5,785123967;
03.06.2025;65,2892562;26,44628099;1,58677686
06.06.2025;62,23140496;11,57024793;
08.06.2025;55,37190083;10,33057851;
10.06.2025;57,85123967;11,15702479;
13.06.2025;62,80991736;5,785123967;
15.06.2025;74,04958678;13,2231405;
17.06.2025;52,89256198;8,67768595;
20.06.2025;74,38016529;49,58677686;
22.06.2025;55,37190083;12,39669421;
24.06.2025;73,55371901;15,70247934;
27.06.2025;76,85950413;8,26446281;
29.06.2025;57,85123967;6,280991736;
01.07.2025;77,68595041;23,14049587;1,702479339
04.07.2025;73,55371901;10,74380165;
06.07.2025;47,10743802;4,958677686;
08.07.2025;49,58677686;9,090909091;
11.07.2025;31,40495868;6,611570248;
13.07.2025;35,53719008;10,74380165;
15.07.2025;34,7107438;10,74380165;
18.07.2025;61,98347107;10,33057851;
20.07.2025;65,2892562;5,785123967;
22.07.2025;53,71900826;6,611570248;
25.07.2025;61,15702479;7,024793388;
27.07.2025;54,54545455;24,79338843;
29.07.2025;59,50413223;14,04958678;
01.08.2025;55,53719008;6,611570248;
03.08.2025;66,11570248;9,090909091;
05.08.2025;42,14876033;6,611570248;0,018181818
08.08.2025;37,19008264;6,94214876;
10.08.2025;46,69421488;6,611570248;
12.08.2025;57,02479339;9,917355372;
15.08.2025;55,37190083;14,04958678;
17.08.2025;64,04958678;6,611570248;
19.08.2025;54,54545455;7,851239669;
22.08.2025;55,37190083;15,70247934;
24.08.2025;57,02479339;10,41322314;
29.08.2025;288,4297521;37,19008264;
31.08.2025;90,08264463;24,79338843;
01.09.2025;52,0661157;11,40495868;0,032809917
02.09.2025;55,37190083;19,83471074;
05.09.2025;52,89256198;14,87603306;
07.09.2025;52,89256198;19,00826446;
12.09.2025;73,55371901;20,66115702;
14.09.2025;71,90082645;19,83471074;
21.09.2025;38,84297521;16,52892562;
22.09.2025;63,63636364;;
23.09.2025;151,2396694;33,05785124;
26.09.2025;;;
28.09.2025;52,0661157;10,74380165;
30.09.2025;42,14876033;14,04958678;
03.10.2025;32,23140496;6,280991736;
05.10.2025;27,27272727;6,611570248;
07.10.2025;27,19008264;4,132231405;0,010743802
12.10.2025;36,36363636;6,611570248;
14.10.2025;36,19834711;8,26446281;
17.10.2025;34,46280992;4,958677686;
19.10.2025;33,05785124;6,198347107;
21.10.2025;21,48760331;4,132231405;
24.10.2025;35,04132231;6,611570248;
26.10.2025;38,84297521;5,785123967;
28.10.2025;33,88429752;7,438016529;
31.10.2025;19,00826446;4,132231405;
02.11.2025;34,7107438;7,438016529;
07.11.2025;26,44628099;16,52892562;
09.11.2025;37,19008264;11,57024793;
11.11.2025;42,97520661;6,611570248;0,025619835
14.11.2025;39,66942149;3,719008264;
16.11.2025;41,32231405;8,26446281;
18.11.2025;32,23140496;6,198347107;
21.11.2025;27,52066116;9,504132231;
23.11.2025;20,66115702;6,611570248;
25.11.2025;28,09917355;2,479338843;0,041322314
28.11.2025;22,31404959;5,371900826;
30.11.2025;23,2231405;3,719008264;
02.12.2025;25,61983471;4,132231405;0,112396694
07.12.2025;30,5785124;6,198347107;
09.12.2025;46,28099174;5,785123967;
12.12.2025;21,48760331;4,132231405;
14.12.2025;35,53719008;3,719008264;
16.12.2025;50,74380165;4,132231405;0,092561983
19.12.2025;52,89256198;2,066115702;
21.12.2025;42,97520661;3,140495868;
23.12.2025;27,27272727;4,132231405;
26.12.2025;36,36363636;13,2231405;
28.12.2025;33,88429752;1,239669421;
30.12.2025;40,49586777;6,198347107;
03.01.2026;18,18181818;2,479338843;
04.01.2026;36,36363636;2,892561983;
06.01.2026;25,61983471;4,958677686;
09.01.2026;35,53719008;6,198347107;
11.01.2026;40,49586777;4,958677686;
13.01.2026;45,45454545;4,545454545;0,04214876
16.01.2026;28,92561983;4,545454545;
18.01.2026;23,14049587;2,479338843;
20.01.2026;56,19834711;4,132231405;
